{
  "bumpiness": -0.20216616001701443,
  "height": -0.4939547634704682,
  "holes": -0.3646778544821612,
  "lines": 0.7158879345235267
}