{
  "height": -6.531788454402096,
  "lines": 0.76,
  "holes": -1.6287228353756864,
  "bumpiness": -16.725536725345453
}