{
  "height": -636.6252099869835,
  "lines": 0.76,
  "holes": -68.63855974134769,
  "bumpiness": -469.68796240805307
}