{
  "bumpiness": -0.14620215394938277,
  "height": -0.4422405904194386,
  "holes": -0.6254293330158165,
  "lines": 0.6033633448699074
}